{"cameraMode":{"drawMode":0,"name":"Shaded","section":"Shading Mode"},"sceneLighting":true,"audioPlay":false,"sceneViewState":{"m_AlwaysRefresh":false,"showFog":true,"showSkybox":true,"showFlares":true,"showImageEffects":true,"showParticleSystems":true,"showVisualEffectGraphs":true,"m_FxEnabled":true},"in2DMode":false,"pivot":{"x":-0.015016809105873108,"y":2.5476644039154054,"z":-0.8910610675811768},"rotation":{"x":0.08466477692127228,"y":0.3591996729373932,"z":-0.03273951634764671,"w":0.9288508296012878},"size":4.1871337890625,"orthographic":false}